31	门槛	这家公司招人的门槛很高。	Ngưỡng tuyển người của công ty này rất cao.
31	报社	他在一家报社当记者。	Anh ấy làm phóng viên ở một tòa soạn báo.
31	编辑	她是一本杂志的编辑。	Cô ấy là biên tập viên của một tạp chí.
31	嗯	嗯，我明白你的意思了。	Ừ, tôi hiểu ý bạn rồi.
31	轻易	他不会轻易放弃。	Anh ấy sẽ không dễ dàng bỏ cuộc.
31	处理	这件事我来处理吧。	Việc này để tôi xử lý.
31	社区	我们社区里有一个小公园。	Khu dân cư của chúng tôi có một công viên nhỏ.
31	劝	朋友都劝他少喝酒。	Bạn bè đều khuyên anh ấy uống ít rượu.
31	圆	今晚的月亮很圆。	Trăng tối nay rất tròn.
31	标志	这个标志表示不能停车。	Biển báo này nghĩa là không được đỗ xe.
31	出示	上车时请出示车票。	Khi lên xe xin xuất trình vé.
31	赞成	我赞成你的看法。	Tôi tán thành ý kiến của bạn.
31	请愿书	居民们在请愿书上签了名。	Cư dân đã ký tên vào đơn kiến nghị.
31	恋爱	他们恋爱三年后结婚了。	Họ yêu nhau ba năm rồi cưới.
31	迫切	他迫切希望找到一份工作。	Anh ấy rất mong sớm tìm được việc.
31	犹豫	别犹豫了，快决定吧。	Đừng do dự nữa, mau quyết định đi.
31	冷淡	他对我的态度很冷淡。	Thái độ của anh ấy với tôi rất lạnh nhạt.
31	无所谓	去哪儿吃饭我都无所谓。	Đi ăn ở đâu tôi cũng được.
31	值班	今天晚上轮到我值班。	Tối nay đến lượt tôi trực.
31	报告	他正在写一份工作报告。	Anh ấy đang viết một bản báo cáo công việc.
31	八成	天这么黑，八成要下雨了。	Trời tối thế này, tám phần là sắp mưa.
31	模糊	没戴眼镜，我看东西很模糊。	Không đeo kính, tôi nhìn mọi thứ rất mờ.
31	狡猾	故事里的狐狸很狡猾。	Con cáo trong truyện rất xảo quyệt.
31	了不起	他一个人完成了这个任务，真了不起。	Một mình anh ấy hoàn thành nhiệm vụ này, thật giỏi.
31	身段	她放下身段，向大家道了歉。	Cô ấy hạ mình xuống xin lỗi mọi người.
31	缩短	新的地铁缩短了上班的时间。	Tuyến tàu điện ngầm mới rút ngắn thời gian đi làm.
31	看不起	我们不应该看不起任何人。	Chúng ta không nên coi thường bất kỳ ai.
31	谦虚	他取得了好成绩，但是很谦虚。	Cậu ấy đạt thành tích tốt nhưng rất khiêm tốn.
31	实践	学到的知识要在实践中使用。	Kiến thức học được phải dùng trong thực tiễn.
32	消失	太阳出来以后，雾慢慢消失了。	Mặt trời lên, sương dần tan biến.
32	洪水	去年这里发生了一场洪水。	Năm ngoái nơi này xảy ra một trận lũ.
32	地震	昨天晚上发生了一次小地震。	Tối qua xảy ra một trận động đất nhỏ.
32	破坏	乱扔垃圾会破坏环境。	Vứt rác bừa bãi sẽ phá hoại môi trường.
32	砍	不要随便砍树。	Đừng tùy tiện chặt cây.
32	生存	没有水，人类无法生存。	Không có nước, con người không thể sinh tồn.
32	沙漠	沙漠里白天很热，晚上很冷。	Trong sa mạc ban ngày rất nóng, ban đêm rất lạnh.
32	公布	考试成绩明天公布。	Điểm thi ngày mai công bố.
32	数据	这些数据是去年收集的。	Những số liệu này được thu thập năm ngoái.
32	真实	这部电影讲的是一个真实的故事。	Bộ phim này kể một câu chuyện có thật.
32	夸张	他说话有点儿夸张。	Anh ấy nói hơi phóng đại.
32	资源	我们要节约水资源。	Chúng ta phải tiết kiệm tài nguyên nước.
32	车祸	他在路上看到了一起车祸。	Anh ấy thấy một vụ tai nạn giao thông trên đường.
32	不安	等结果的时候，他心里很不安。	Lúc chờ kết quả, trong lòng anh ấy rất bất an.
32	工业	这个城市的工业很发达。	Công nghiệp của thành phố này rất phát triển.
32	农业	这个地区以农业为主。	Khu vực này lấy nông nghiệp làm chính.
32	生产	这家工厂生产手机。	Nhà máy này sản xuất điện thoại.
32	大型	他们举办了一次大型活动。	Họ tổ chức một hoạt động quy mô lớn.
32	工厂	他父亲在一家工厂上班。	Bố anh ấy làm ở một nhà máy.
32	废	这些废纸可以再利用。	Chỗ giấy vụn này có thể tái sử dụng.
32	燃烧	木头在火炉里燃烧着。	Củi đang cháy trong lò.
32	煤炭	这个地方的煤炭资源很丰富。	Tài nguyên than đá ở nơi này rất dồi dào.
32	密切	他们一家人的关系很密切。	Quan hệ trong gia đình họ rất gắn bó.
32	尾气	汽车尾气是空气污染的原因之一。	Khí thải ô tô là một trong những nguyên nhân gây ô nhiễm không khí.
32	幸运	能遇到你，我真幸运。	Gặp được bạn, tôi thật may mắn.
32	敏感	他对这个话题很敏感。	Anh ấy rất nhạy cảm với chủ đề này.
32	自觉	他每天自觉地完成作业。	Ngày nào cậu ấy cũng tự giác làm xong bài tập.
32	设施	这个小区的生活设施很齐全。	Tiện ích sinh hoạt của khu này rất đầy đủ.
32	能源	太阳能是一种干净的能源。	Năng lượng mặt trời là một nguồn năng lượng sạch.
32	逐步	我们的生活正在逐步改善。	Cuộc sống của chúng ta đang từng bước cải thiện.
32	尽量	我会尽量早点儿回来。	Tôi sẽ cố gắng về sớm.
32	私	这是我的私事，不想多说。	Đây là việc riêng của tôi, không muốn nói nhiều.
32	尊敬	他是一位受人尊敬的老师。	Ông ấy là một giáo viên được mọi người kính trọng.
32	鼓舞	这个好消息让大家很受鼓舞。	Tin vui này làm mọi người rất phấn chấn.
32	消极	遇到困难不要消极。	Gặp khó khăn đừng tiêu cực.
32	幻想	他小时候幻想自己能飞。	Hồi nhỏ cậu ấy tưởng tượng mình biết bay.
32	贡献	他为公司做出了很大的贡献。	Anh ấy đóng góp rất lớn cho công ty.
32	命运	命运掌握在自己手里。	Vận mệnh nằm trong tay mình.
32	掌握	他已经掌握了三门外语。	Anh ấy đã nắm vững ba ngoại ngữ.
33	缓解	听音乐可以缓解压力。	Nghe nhạc có thể giảm bớt áp lực.
33	招	他想了一个好招。	Anh ấy nghĩ ra một chiêu hay.
33	繁荣	这个城市的经济越来越繁荣。	Kinh tế thành phố này ngày càng phồn vinh.
33	体现	这件小事体现了他的善良。	Việc nhỏ này thể hiện lòng tốt của anh ấy.
33	拥挤	节假日的景区特别拥挤。	Khu du lịch ngày lễ đặc biệt đông đúc.
33	家常	我最喜欢吃妈妈做的家常菜。	Tôi thích nhất món cơm nhà mẹ nấu.
33	面积	这套房子的面积有一百平方米。	Căn nhà này rộng một trăm mét vuông.
33	宽	这条马路很宽。	Con đường này rất rộng.
33	主观	你的看法太主观了。	Cách nhìn của bạn chủ quan quá.
33	扩	这条路去年扩宽了。	Con đường này được mở rộng năm ngoái.
33	根治	这种病很难根治。	Bệnh này rất khó chữa tận gốc.
33	不妨	你不妨试试这个办法。	Bạn cứ thử cách này xem.
33	展开	大家对这个问题展开了讨论。	Mọi người mở cuộc thảo luận về vấn đề này.
33	归纳	请归纳一下这篇文章的主要内容。	Xin tóm lược nội dung chính của bài viết này.
33	虚心	他总是虚心听别人的意见。	Anh ấy luôn khiêm tốn lắng nghe ý kiến người khác.
33	咨询	你可以打电话咨询一下。	Bạn có thể gọi điện hỏi thông tin.
33	中旬	我打算下个月中旬去旅行。	Tôi định giữa tháng sau đi du lịch.
33	照常	明天商店照常开门。	Ngày mai cửa hàng mở cửa như thường.
33	健身	他每周去健身三次。	Mỗi tuần anh ấy đi tập thể hình ba lần.
33	图	请看第三页的图。	Xin xem hình ở trang ba.
33	受	这部电影很受年轻人欢迎。	Bộ phim này rất được giới trẻ ưa thích.
33	保险	他给自己买了一份保险。	Anh ấy mua cho mình một gói bảo hiểm.
33	赔偿	公司同意赔偿他的损失。	Công ty đồng ý bồi thường thiệt hại cho anh ấy.
33	政府	政府决定在这里修一条新路。	Chính quyền quyết định làm một con đường mới ở đây.
33	批准	经理批准了我的请假。	Giám đốc đã duyệt đơn xin nghỉ của tôi.
33	改革	学校正在进行教学改革。	Trường đang tiến hành cải cách giảng dạy.
33	取消	因为下雨，比赛取消了。	Vì mưa, trận đấu bị hủy.
33	行人	开车要注意路上的行人。	Lái xe phải chú ý người đi bộ trên đường.
33	广场	晚上很多人在广场上跳舞。	Buổi tối rất nhiều người nhảy múa trên quảng trường.
33	商务	他经常去国外进行商务活动。	Anh ấy thường ra nước ngoài làm việc thương mại.
33	大厦	他的公司在那座大厦的十楼。	Công ty anh ấy ở tầng mười tòa nhà đó.
33	自愿	大家都是自愿参加的。	Mọi người đều tự nguyện tham gia.
33	难怪	他生病了，难怪今天没来。	Anh ấy ốm, thảo nào hôm nay không đến.
33	与其	与其等他，不如我们先走。	Chờ anh ấy chi bằng chúng ta đi trước.
33	汽油	最近汽油又涨价了。	Dạo này xăng lại tăng giá.
33	明确	老师的要求很明确。	Yêu cầu của thầy giáo rất rõ ràng.
33	期待	我很期待下周的旅行。	Tôi rất mong chờ chuyến đi tuần sau.
33	解放	洗衣机把人们从家务中解放了出来。	Máy giặt đã giải phóng con người khỏi việc nhà.
