11	孩子长大以后，父母往往还像以前一样为他们担心。
12	我给父母留了一串钥匙，这样他们随时都可以来我家。
13	我希望不管我走到哪儿，父母都能感受到我的关心。
14	不要等到失去了，才发现亲人有多么重要。
15	年轻的时候，我们总以为父母会一直陪在自己身边。
16	只有离开家生活，我才明白想家是什么感觉。
17	Tôi để lại cho bố mẹ một chùm chìa khóa nhà.
18	Dù con cái lớn đến đâu, trong mắt cha mẹ, con mãi mãi vẫn là đứa trẻ.
19	Nhiều người trẻ vì công việc bận rộn nên rất ít có thời gian ở bên bố mẹ.
20	Chúng ta nên trân trọng từng ngày được ở bên bố mẹ.
21	人生有很多选择，每一个选择都可能改变我们的未来。
22	如果对现在的生活不满意，我们可以试着改变自己的想法。
23	即使遇到失败，我们也不应该轻易放弃。
24	重要的不是你失败过多少次，而是你有没有重新开始的勇气。
25	只要你愿意改变，生活就总会有新的可能。
26	有时候，一个小小的选择也可能影响一辈子。
27	Trong đời có rất nhiều lựa chọn, những lựa chọn khác nhau có thể mang lại kết quả khác nhau.
28	Chỉ cần bạn sẵn lòng thay đổi, mọi thứ đều có thể.
29	Khi gặp khó khăn, chúng ta không được dễ dàng bỏ cuộc.
30	Điều thật sự quan trọng không phải là kết quả, mà là bạn đã học được gì trong quá trình đó.
31	子路年轻的时候非常孝顺父母。
32	虽然家里很穷，他还是想尽办法照顾父母。
33	因为父母想吃米饭，他常常走很远的路去买米。
34	知道这个故事以后，大家都被他的孝心感动了。
35	古人把孝顺父母看作最重要的美德之一。
36	Tử Lộ vô cùng hiếu thảo với cha mẹ.
37	Để cha mẹ được ăn cơm, anh thường đi bộ rất xa để mua gạo.
38	Tuy cuộc sống rất khó khăn, nhưng anh chưa bao giờ quên chăm sóc cha mẹ.
39	Câu chuyện này cho chúng ta biết nên biết ơn cha mẹ.
40	Hiếu thảo với cha mẹ không chỉ là một đức tính truyền thống mà còn là một trách nhiệm.
41	济南以众多美丽的泉水而闻名。
42	这里的泉水清得能看见水底的石头。
43	春天，很多游客到济南来欣赏风景。
44	泉水不仅给城市带来了美景，而且成了当地文化的一部分。
45	如果有机会去山东，我一定要去一次济南。
46	Tế Nam là một "thành phố suối" rất nổi tiếng.
47	Nước suối ở Tế Nam trong vắt và đẹp.
48	Rất nhiều du khách đến đây chính là để ngắm những con suối nổi tiếng.
49	Nước suối mang lại cho thành phố này một sức hấp dẫn độc đáo.
50	Nếu có cơ hội, tôi nhất định phải đến Tế Nam xem một chuyến.
51	对中国人来说，除夕是非常重要的一天。
52	这一天，家里人通常都会回家一起吃年夜饭。
53	大家往往准备很多菜，一起迎接新年。
54	传说守岁的风俗跟一个很久以前的故事有关。
55	如今，虽然过年的方式有了很大变化，但是全家团圆的意义没有变。
56	Đêm giao thừa là một ngày lễ mà người Trung Quốc rất coi trọng.
57	Cứ đến giao thừa, rất nhiều người về nhà ăn bữa cơm tất niên cùng gia đình.
58	Cả nhà đoàn tụ bên nhau, cùng đón năm mới đến.
59	Về nguồn gốc của đêm giao thừa, có một câu chuyện lưu truyền từ rất lâu.
60	Tuy thời đại đã thay đổi, nhưng sự coi trọng đoàn viên của mọi người thì chưa hề thay đổi.
61	成语往往来自历史故事。
62	每个成语故事都包含着一定的道理。
63	如果了解成语的来源，我们就更容易记住它的用法。
64	中国人在交际和写作中常常使用成语。
65	学习成语不仅能扩大词汇量，还能帮助我们进一步了解中国文化。
66	Rất nhiều thành ngữ có câu chuyện và nguồn gốc riêng.
67	Hiểu câu chuyện đằng sau thành ngữ có thể giúp chúng ta hiểu nghĩa của nó tốt hơn.
68	Thành ngữ tuy chỉ có vài chữ nhưng thường hàm chứa ý nghĩa phong phú.
69	Học thành ngữ là một phần quan trọng của việc học tiếng Trung.
70	Những câu chuyện này để lại cho chúng ta ấn tượng sâu sắc.
71	有些成语现在的意思跟原来的意思不一样。
72	如果只靠现代的意思去理解古代的成语，我们可能会理解错。
73	“朝三暮四”原来的意思跟现代人的用法并不一样。
74	同一个词语，在不同的情况下可能有不同的意思。
75	学习成语的时候，我们不仅要记住意思，还要知道怎么用。
76	Nghĩa xưa và nay của một số thành ngữ không hoàn toàn giống nhau.
77	Thành ngữ “朝三暮四” ở thời cổ và thời nay có nghĩa khác nhau.
78	Khi học thành ngữ, chúng ta nên chú ý cách dùng của nó trong những ngữ cảnh khác nhau.
79	Nếu không hiểu bối cảnh lịch sử của thành ngữ thì rất dễ hiểu lầm.
80	Ngôn ngữ không ngừng thay đổi theo sự phát triển của xã hội.
81	提到鲁迅，很多人往往会想到一位严肃的作家。
82	可是在生活中，鲁迅也有很亲切、很有趣的一面。
83	通过生活中的一些小故事，我们可以从另一个角度了解他。
84	这些细节让鲁迅的形象变得更加生动。
85	名人也跟其他人一样，过着普通的生活。
86	Nhắc đến Lỗ Tấn, điều đầu tiên nhiều người nghĩ tới là một nhà văn nổi tiếng.
87	Nhưng Lỗ Tấn trong đời thường cũng có một mặt rất thú vị.
88	Từ vài chuyện nhỏ trong cuộc sống, chúng ta có thể thấy một Lỗ Tấn khác.
89	Những chi tiết này giúp chúng ta hiểu Lỗ Tấn hơn.
90	Một con người vĩ đại cũng có cuộc sống của người bình thường.
91	只有长大以后，我们才能真正理解父母的爱。
92	不管生活怎么变化，家永远是我们可以回去的地方。
93	如果对现在的选择不满意，你还可以重新选择。
94	古老的故事不仅能帮助我们了解历史，还包含着很多生活的道理。
95	同一个成语，放在不同的情况下，意思可能完全不同。
96	通过细节，我们可以更深入地了解一个人。
97	虽然社会在不断变化，但是有些传统的价值仍然值得我们保留。
98	学习一种语言不只是学习词汇和语法，也是了解那个国家的文化。
99	有些事情，我们要经过很长时间以后才会明白。
100	人生有很多选择，重要的是我们有没有勇气为自己的选择负责。
